{"cameraMode":{"drawMode":0,"name":"Shaded","section":"Shading Mode"},"sceneLighting":true,"audioPlay":false,"sceneViewState":{"m_AlwaysRefresh":false,"showFog":true,"showSkybox":true,"showFlares":true,"showImageEffects":true,"showParticleSystems":true,"showVisualEffectGraphs":true,"m_FxEnabled":true},"in2DMode":false,"pivot":{"x":2.011650562286377,"y":3.7506539821624758,"z":6.690117359161377},"rotation":{"x":-0.03148159012198448,"y":-0.02969321608543396,"z":-0.0009447591146454215,"w":0.9990922808647156},"size":6.60341215133667,"orthographic":false}